area,year,jan,feb,mar,apr,may,jun,jul,aug,sep,oct,nov,dec
Amnat Charoen,2011,2,2,3,5,40,40,39,14,10,2,4,0
Amnat Charoen,2012,0,0,1,0,12,17,38,22,16,7,5,5
Amnat Charoen,2013,3,7,7,23,74,92,94,47,22,8,0,1
Amnat Charoen,2014,0,1,4,0,4,7,30,18,15,16,11,6
Amnat Charoen,2015,1,3,4,2,11,64,91,111,80,35,23,12
Amnat Charoen,2016,11,14,18,12,9,24,55,37,17,13,5,2
Amnat Charoen,2017,1,3,2,2,4,34,29,2,5,1,0,0
Amnat Charoen,2018,0,0,2,1,9,37,20,23,16,11,1,0
Amnat Charoen,2019,9,2,6,9,58,48,28,24,66,47,21,1
Amnat Charoen,2020,0,2,4,1,13,18,27,23,9,3,0,0
Ang Thong,2011,1,16,4,15,23,48,42,27,9,21,15,8
Ang Thong,2012,11,8,10,14,7,17,13,23,31,18,17,11
Ang Thong,2013,16,10,8,7,9,17,16,22,16,12,4,6
Ang Thong,2014,3,4,9,2,9,6,19,4,5,6,16,5
Ang Thong,2015,9,9,15,36,108,126,107,108,107,87,57,12
Ang Thong,2016,6,3,11,7,1,1,5,10,24,14,1,1
Ang Thong,2017,6,3,2,2,7,12,31,27,27,16,14,8
Ang Thong,2018,2,2,10,10,15,18,21,12,20,17,15,6
Ang Thong,2019,12,10,7,3,5,10,20,18,11,11,4,3
Ang Thong,2020,11,13,15,9,8,6,25,49,81,24,6,5
Bangkok,2011,202,145,128,129,302,416,483,414,279,221,304,177
Bangkok,2012,99,74,100,77,71,123,277,386,394,602,811,569
Bangkok,2013,575,282,292,210,271,346,740,949,713,708,660,328
Bangkok,2014,200,156,120,86,77,110,157,189,213,239,367,208
Bangkok,2015,286,209,178,192,441,471,705,1103,1270,1895,4273,1715
Bangkok,2016,998,440,310,124,78,63,193,314,309,333,364,283
Bangkok,2017,200,127,119,111,155,331,630,704,520,563,737,448
Bangkok,2018,252,222,307,240,209,412,660,691,538,434,419,297
Bangkok,2019,587,354,242,183,158,308,743,1224,1050,1479,1497,765
Bangkok,2020,402,207,150,70,81,159,399,594,519,453,536,335
Bungkan,2011,1,0,0,0,2,5,11,5,8,3,2,0
Bungkan,2012,1,16,4,7,14,15,19,14,7,9,8,8
Bungkan,2013,5,4,17,50,118,167,153,86,10,1,0,0
Bungkan,2014,1,1,2,6,25,49,10,12,10,6,4,0
Bungkan,2015,0,1,2,0,1,11,19,31,48,60,57,6
Bungkan,2016,15,22,21,18,45,86,73,59,22,12,7,0
Bungkan,2017,0,0,0,0,0,0,1,0,1,0,0,0
Bungkan,2018,2,1,2,2,25,19,18,2,5,4,7,11
Bungkan,2019,6,14,28,7,99,394,109,20,5,0,0,0
Bungkan,2020,12,4,10,39,119,133,134,56,33,6,1,0
Buri Ram,2011,11,5,7,9,35,116,96,123,68,12,15,9
Buri Ram,2012,7,2,10,20,48,162,168,127,180,132,86,59
Buri Ram,2013,56,56,80,64,71,171,155,147,94,26,13,3
Buri Ram,2014,4,16,10,11,12,31,26,42,38,14,15,1
Buri Ram,2015,5,7,13,22,49,75,78,223,166,68,96,74
Buri Ram,2016,60,65,61,13,9,23,49,72,61,24,14,4
Buri Ram,2017,6,7,3,14,21,47,36,39,28,21,8,2
Buri Ram,2018,3,1,4,12,65,129,160,155,135,100,73,63
Buri Ram,2019,46,79,116,69,136,330,663,343,308,187,107,37
Buri Ram,2020,29,42,33,52,98,119,288,168,82,20,5,2
Chachoengsao,2011,12,12,4,16,53,105,99,69,70,40,37,16
Chachoengsao,2012,14,12,11,19,28,61,105,110,100,95,53,17
Chachoengsao,2013,15,16,8,11,20,43,66,47,32,21,13,3
Chachoengsao,2014,7,3,5,2,7,11,12,21,21,23,23,8
Chachoengsao,2015,6,8,13,16,37,80,169,202,342,279,388,172
Chachoengsao,2016,41,22,32,7,5,9,24,46,51,32,25,11
Chachoengsao,2017,13,6,5,11,13,35,48,53,68,29,24,27
Chachoengsao,2018,15,12,18,19,84,237,227,228,113,48,80,62
Chachoengsao,2019,43,46,53,52,64,72,118,90,67,55,37,13
Chachoengsao,2020,10,8,2,7,11,24,31,20,11,11,1,1
Chai Nat,2011,9,6,5,4,31,30,36,18,21,20,14,8
Chai Nat,2012,5,17,17,16,11,11,21,9,19,17,41,33
Chai Nat,2013,18,28,21,9,14,34,53,11,4,8,3,2
Chai Nat,2014,1,1,0,0,3,3,11,3,1,1,6,4
Chai Nat,2015,7,4,5,7,18,74,47,56,46,49,53,29
Chai Nat,2016,18,5,10,4,4,3,5,13,23,5,3,1
Chai Nat,2017,2,0,1,8,3,19,24,22,18,4,11,4
Chai Nat,2018,2,2,0,0,4,9,16,11,7,12,29,14
Chai Nat,2019,17,15,16,10,4,15,39,24,44,25,20,12
Chai Nat,2020,19,13,17,17,14,42,103,125,114,29,12,0
Chaiyaphum,2011,3,1,5,23,38,62,70,62,40,33,13,9
Chaiyaphum,2012,6,12,12,27,55,105,109,68,50,16,28,21
Chaiyaphum,2013,13,21,44,56,75,154,127,95,52,22,15,4
Chaiyaphum,2014,3,3,5,10,30,74,79,58,34,46,28,16
Chaiyaphum,2015,12,15,24,43,142,193,245,407,333,182,134,43
Chaiyaphum,2016,33,29,28,15,11,33,60,84,62,34,11,0
Chaiyaphum,2017,13,3,7,5,13,80,53,44,24,11,10,0
Chaiyaphum,2018,6,1,10,16,67,150,140,96,72,68,45,35
Chaiyaphum,2019,61,42,90,137,159,389,416,265,179,186,147,54
Chaiyaphum,2020,51,63,59,185,345,509,514,135,49,6,4,0
Chanthaburi,2011,9,9,9,22,75,92,84,67,37,29,27,20
Chanthaburi,2012,16,16,19,48,97,169,152,100,46,27,44,20
Chanthaburi,2013,44,21,31,60,93,148,140,110,78,54,39,13
Chanthaburi,2014,6,6,22,23,49,82,123,128,91,84,49,53
Chanthaburi,2015,26,28,43,48,122,178,283,271,207,165,182,57
Chanthaburi,2016,43,31,37,16,38,62,108,72,41,45,40,9
Chanthaburi,2017,5,13,8,18,28,41,48,47,29,17,8,4
Chanthaburi,2018,5,5,6,15,16,49,50,37,27,22,39,28
Chanthaburi,2019,24,32,35,82,160,336,330,241,113,78,47,30
Chanthaburi,2020,24,16,27,50,93,173,83,62,26,20,8,6
Chiang Mai,2011,13,2,2,9,40,65,52,51,29,11,19,9
Chiang Mai,2012,10,15,4,14,48,105,169,225,230,270,155,101
Chiang Mai,2013,106,67,142,455,978,2592,2466,1155,505,147,73,27
Chiang Mai,2014,8,6,2,5,14,62,121,153,125,64,32,22
Chiang Mai,2015,15,11,7,20,140,340,530,715,925,806,797,316
Chiang Mai,2016,73,24,41,57,96,260,903,1339,700,216,182,61
Chiang Mai,2017,33,23,27,37,114,232,413,256,131,117,74,53
Chiang Mai,2018,18,13,11,17,33,103,235,251,174,115,72,55
Chiang Mai,2019,25,21,34,32,77,209,520,528,530,492,365,129
Chiang Mai,2020,59,14,13,15,80,180,718,838,441,214,118,50
Chiang Rai,2011,9,5,2,3,25,63,61,66,44,11,14,10
Chiang Rai,2012,2,5,1,6,29,99,115,135,91,112,103,89
Chiang Rai,2013,98,26,49,136,722,1970,3272,2738,1197,385,124,37
Chiang Rai,2014,15,4,4,3,23,41,50,28,43,21,42,20
Chiang Rai,2015,5,1,1,6,111,241,215,290,232,104,183,72
Chiang Rai,2016,31,19,17,26,42,108,292,292,154,61,38,19
Chiang Rai,2017,14,13,5,17,50,271,328,316,238,158,137,57
Chiang Rai,2018,30,10,16,26,141,414,619,559,336,248,129,74
Chiang Rai,2019,30,19,43,67,113,358,1173,1106,909,453,341,50
Chiang Rai,2020,36,22,23,24,168,297,436,258,117,63,25,9
Chon Buri,2011,36,26,58,65,119,93,71,56,51,33,28,19
Chon Buri,2012,18,15,16,27,24,30,55,86,94,71,95,59
Chon Buri,2013,39,43,40,46,49,90,51,76,90,44,26,20
Chon Buri,2014,16,12,24,14,11,22,24,24,18,22,37,25
Chon Buri,2015,64,38,44,45,143,191,279,286,176,237,316,186
Chon Buri,2016,137,70,58,31,20,8,14,36,47,34,19,10
Chon Buri,2017,27,20,22,26,39,76,96,36,33,44,48,42
Chon Buri,2018,43,43,58,96,188,287,311,210,157,78,191,152
Chon Buri,2019,155,139,116,151,151,234,420,304,207,237,254,155
Chon Buri,2020,79,64,44,48,87,147,287,334,255,152,143,54
Chumphon,2011,21,16,16,11,20,31,33,10,5,10,8,3
Chumphon,2012,6,15,18,19,52,58,119,111,65,56,43,69
Chumphon,2013,45,60,61,61,98,122,161,84,68,33,36,23
Chumphon,2014,16,24,25,17,20,56,69,44,38,40,41,29
Chumphon,2015,26,27,22,27,43,66,61,64,53,45,44,18
Chumphon,2016,25,19,5,6,7,18,28,42,34,30,14,5
Chumphon,2017,11,13,19,19,43,29,29,25,28,30,40,13
Chumphon,2018,15,19,9,11,21,17,57,29,19,13,24,11
Chumphon,2019,30,36,33,47,64,66,76,53,44,33,8,12
Chumphon,2020,5,9,13,13,16,25,36,21,31,43,32,13
Kalasin,2011,0,0,0,0,0,0,0,0,0,0,0,0
Kalasin,2012,0,0,0,0,0,0,0,0,0,0,0,0
Kalasin,2013,0,0,0,0,0,1,355,207,88,38,16,1
Kalasin,2014,4,9,16,10,24,26,38,55,43,37,7,2
Kalasin,2015,3,0,9,19,44,109,126,207,196,105,158,84
Kalasin,2016,42,25,39,22,18,55,95,129,77,49,6,8
Kalasin,2017,15,5,6,5,25,125,112,87,31,27,5,1
Kalasin,2018,1,1,3,3,36,100,132,89,52,33,14,21
Kalasin,2019,13,17,32,43,50,172,203,183,98,69,56,21
Kalasin,2020,25,17,29,80,64,81,155,85,46,20,9,3
Kamphaeng Phet,2011,8,9,5,24,58,143,85,76,35,20,14,10
Kamphaeng Phet,2012,11,14,20,20,33,55,112,77,80,71,49,19
Kamphaeng Phet,2013,21,28,32,31,51,148,181,81,39,27,23,8
Kamphaeng Phet,2014,5,4,13,12,22,136,176,91,36,17,17,10
Kamphaeng Phet,2015,5,13,16,12,31,48,78,62,76,91,47,48
Kamphaeng Phet,2016,24,4,9,15,6,6,6,15,18,14,5,1
Kamphaeng Phet,2017,1,3,9,17,13,66,116,52,63,25,12,6
Kamphaeng Phet,2018,9,8,12,27,56,135,153,117,68,38,41,36
Kamphaeng Phet,2019,17,14,25,26,18,54,87,66,20,19,19,1
Kamphaeng Phet,2020,11,7,22,9,10,17,46,51,29,15,5,3
Kanchanaburi,2011,6,5,18,30,63,62,25,19,20,16,40,10
Kanchanaburi,2012,20,22,30,22,35,65,64,65,108,73,50,27
Kanchanaburi,2013,32,19,24,17,9,18,29,40,10,6,2,2
Kanchanaburi,2014,2,10,7,15,6,7,7,4,12,12,17,5
Kanchanaburi,2015,15,11,26,21,38,51,134,149,105,85,101,50
Kanchanaburi,2016,31,14,25,7,7,7,18,16,12,10,2,1
Kanchanaburi,2017,4,1,1,1,4,12,18,15,4,4,10,3
Kanchanaburi,2018,8,9,10,26,41,84,59,88,19,23,27,26
Kanchanaburi,2019,26,28,35,7,24,78,162,136,75,15,17,16
Kanchanaburi,2020,12,25,9,11,17,17,22,10,20,42,17,7
Khon Kaen,2011,5,4,2,12,57,113,125,92,60,29,32,22
Khon Kaen,2012,25,19,32,30,67,127,136,97,125,100,103,99
Khon Kaen,2013,80,35,64,60,118,222,352,465,208,57,16,0
Khon Kaen,2014,4,12,15,3,11,27,47,50,49,33,17,9
Khon Kaen,2015,1,3,10,22,47,100,162,186,209,152,161,62
Khon Kaen,2016,42,35,27,13,20,52,79,94,66,28,12,7
Khon Kaen,2017,6,2,3,4,16,38,45,43,25,10,7,3
Khon Kaen,2018,5,5,6,9,64,132,138,143,120,67,83,80
Khon Kaen,2019,98,87,122,65,128,407,307,322,315,242,192,48
Khon Kaen,2020,76,79,128,226,457,339,539,268,95,22,12,10
Krabi,2011,18,32,20,14,29,32,33,27,23,21,23,17
Krabi,2012,18,40,64,83,83,78,69,56,47,50,59,51
Krabi,2013,88,70,75,60,99,128,94,39,0,0,0,1
Krabi,2014,14,10,16,15,50,79,67,37,28,20,30,20
Krabi,2015,21,11,15,14,24,73,135,94,64,56,38,7
Krabi,2016,9,10,11,10,3,13,34,38,28,14,19,17
Krabi,2017,3,8,9,9,12,21,28,28,17,10,21,14
Krabi,2018,10,9,18,16,51,88,68,47,51,27,23,20
Krabi,2019,28,23,11,18,32,42,56,23,14,19,16,7
Krabi,2020,6,3,5,6,14,23,20,21,4,8,5,5
Lampang,2011,9,3,1,4,21,36,35,20,10,7,4,6
Lampang,2012,1,5,3,2,5,36,41,38,11,9,20,17
Lampang,2013,21,19,20,53,225,726,738,439,210,67,26,3
Lampang,2014,2,1,1,2,16,25,22,10,11,10,9,4
Lampang,2015,4,3,0,3,41,151,174,209,233,118,113,74
Lampang,2016,19,20,22,14,10,24,121,195,82,53,13,6
Lampang,2017,4,8,8,12,34,40,66,36,24,14,10,8
Lampang,2018,2,0,0,11,33,64,60,45,22,11,3,6
Lampang,2019,6,18,13,21,39,88,244,142,75,37,12,4
Lampang,2020,3,1,0,2,58,110,260,201,121,41,14,10
Lamphun,2011,1,1,1,2,6,15,10,7,5,5,3,0
Lamphun,2012,1,1,0,0,2,6,9,7,25,15,90,38
Lamphun,2013,29,16,31,78,86,148,273,147,72,32,4,1
Lamphun,2014,0,1,0,2,0,3,6,3,2,0,3,1
Lamphun,2015,0,0,1,2,8,29,29,82,146,147,118,53
Lamphun,2016,29,8,17,16,16,32,72,102,47,16,7,5
Lamphun,2017,3,2,6,7,17,16,50,56,12,12,11,4
Lamphun,2018,0,3,10,20,36,35,33,21,20,4,16,7
Lamphun,2019,2,4,6,3,3,19,31,53,97,36,14,2
Lamphun,2020,6,5,2,5,8,16,25,36,14,13,10,3
Loei,2011,0,5,3,8,25,43,56,15,25,10,6,3
Loei,2012,0,9,2,8,82,137,101,42,43,42,32,46
Loei,2013,47,63,127,180,336,469,424,171,55,34,15,6
Loei,2014,2,4,3,5,7,9,9,22,5,4,8,2
Loei,2015,0,1,7,7,57,115,117,150,101,94,82,20
Loei,2016,14,21,30,20,43,118,101,64,49,29,9,6
Loei,2017,5,4,5,12,40,42,50,39,27,17,6,4
Loei,2018,1,3,7,7,26,72,85,55,21,19,10,8
Loei,2019,6,2,9,49,103,287,303,141,119,100,56,13
Loei,2020,21,10,26,41,111,198,174,77,34,4,4,2
Lop Buri,2011,21,20,7,0,4,73,114,94,65,42,49,18
Lop Buri,2012,24,33,31,30,29,44,108,181,182,111,39,0
Lop Buri,2013,6,29,35,10,25,46,89,83,66,47,51,11
Lop Buri,2014,9,18,21,23,41,52,33,66,30,44,65,26
Lop Buri,2015,27,58,57,46,169,135,99,138,282,277,231,61
Lop Buri,2016,61,55,52,11,4,2,13,39,52,33,8,9
Lop Buri,2017,8,12,7,1,4,7,16,46,32,21,10,5
Lop Buri,2018,11,11,9,5,42,120,151,145,165,113,71,61
Lop Buri,2019,94,106,145,56,36,61,71,64,95,85,48,12
Lop Buri,2020,23,16,9,21,17,41,116,175,180,44,40,1
Mae Hong Son,2011,0,0,3,5,44,25,27,6,0,0,0,0
Mae Hong Son,2012,0,0,1,0,1,16,19,11,8,14,10,3
Mae Hong Son,2013,2,10,11,32,152,333,398,275,112,63,60,25
Mae Hong Son,2014,2,2,3,13,40,65,124,98,31,23,22,3
Mae Hong Son,2015,9,9,1,1,13,54,133,146,73,46,40,16
Mae Hong Son,2016,12,12,19,29,64,83,199,207,147,99,52,13
Mae Hong Son,2017,2,6,6,10,33,61,66,80,47,31,26,16
Mae Hong Son,2018,6,3,2,10,30,147,113,61,26,24,26,18
Mae Hong Son,2019,6,1,6,2,5,30,44,85,77,54,38,2
Mae Hong Son,2020,4,3,6,33,71,152,466,331,130,134,56,13
Maha Sarakham,2011,5,3,7,4,14,21,76,61,57,18,7,1
Maha Sarakham,2012,4,6,10,15,30,72,114,109,148,141,111,69
Maha Sarakham,2013,58,46,72,45,98,275,388,402,198,81,33,10
Maha Sarakham,2014,9,27,17,3,14,26,35,38,35,24,15,9
Maha Sarakham,2015,2,3,14,25,50,72,74,108,114,79,121,35
Maha Sarakham,2016,26,34,50,28,12,14,40,67,63,49,23,10
Maha Sarakham,2017,9,18,8,9,14,45,48,39,30,13,13,7
Maha Sarakham,2018,6,3,5,5,46,111,90,45,25,18,15,17
Maha Sarakham,2019,20,25,32,17,14,89,145,146,152,93,35,13
Maha Sarakham,2020,27,20,21,49,116,142,230,170,101,12,4,3
Mukdahan,2011,0,0,2,2,4,19,15,7,3,2,0,0
Mukdahan,2012,1,1,1,0,12,35,27,17,11,14,10,14
Mukdahan,2013,10,12,29,72,127,168,120,78,20,12,4,0
Mukdahan,2014,1,1,2,5,12,8,7,12,4,4,1,0
Mukdahan,2015,0,2,6,2,7,45,34,47,49,23,30,15
Mukdahan,2016,10,7,11,8,7,68,70,81,48,31,19,3
Mukdahan,2017,3,9,12,13,19,64,42,21,11,6,4,0
Mukdahan,2018,0,0,3,3,35,53,44,38,13,7,2,5
Mukdahan,2019,8,12,33,50,140,156,99,86,34,12,3,1
Mukdahan,2020,4,8,3,24,33,70,140,47,28,5,1,1
Nakhon Nayok,2011,0,1,1,6,24,36,36,37,12,11,7,2
Nakhon Nayok,2012,1,6,9,2,12,22,6,3,10,8,2,5
Nakhon Nayok,2013,8,19,19,27,53,34,37,41,18,7,1,1
Nakhon Nayok,2014,1,0,4,4,5,3,4,11,8,4,8,3
Nakhon Nayok,2015,3,2,3,3,13,29,68,72,121,24,18,3
Nakhon Nayok,2016,12,18,8,0,0,4,8,14,1,2,0,0
Nakhon Nayok,2017,1,1,2,1,7,4,3,3,5,0,0,1
Nakhon Nayok,2018,1,4,6,18,25,46,168,139,76,25,6,5
Nakhon Nayok,2019,8,24,31,25,25,47,33,21,14,26,15,15
Nakhon Nayok,2020,1,2,1,4,9,7,24,16,9,13,2,2
Nakhon Pathom,2011,34,27,15,10,16,24,44,44,53,41,46,25
Nakhon Pathom,2012,23,21,26,15,12,35,72,59,58,69,69,60
Nakhon Pathom,2013,42,44,24,40,13,15,52,77,64,42,39,23
Nakhon Pathom,2014,24,27,34,17,12,14,17,46,51,43,61,46
Nakhon Pathom,2015,75,45,54,54,52,91,180,279,240,185,196,112
Nakhon Pathom,2016,97,50,37,8,7,11,27,59,55,28,16,14
Nakhon Pathom,2017,10,5,15,9,18,37,60,85,81,79,72,59
Nakhon Pathom,2018,57,41,43,79,114,222,247,251,206,246,256,228
Nakhon Pathom,2019,193,127,75,39,20,63,95,146,203,195,159,116
Nakhon Pathom,2020,83,60,29,16,18,29,64,87,101,80,62,40
Nakhon Phanom,2011,1,1,0,0,18,29,35,15,3,5,0,3
Nakhon Phanom,2012,0,0,2,3,21,28,18,19,22,8,33,40
Nakhon Phanom,2013,19,20,46,165,330,359,188,72,19,13,4,0
Nakhon Phanom,2014,0,0,9,3,7,17,30,14,6,5,1,3
Nakhon Phanom,2015,3,0,7,24,40,115,106,114,68,44,44,24
Nakhon Phanom,2016,13,4,16,6,38,53,77,49,20,11,10,4
Nakhon Phanom,2017,2,1,3,12,12,16,21,15,5,4,2,1
Nakhon Phanom,2018,2,1,9,5,21,21,14,4,3,3,4,2
Nakhon Phanom,2019,2,11,15,49,166,242,107,68,27,11,5,3
Nakhon Phanom,2020,10,13,21,32,65,87,101,22,17,6,2,1
Nakhon Ratchasima,2011,16,14,17,25,69,112,144,186,116,55,58,18
Nakhon Ratchasima,2012,28,19,25,46,124,214,237,182,108,169,213,122
Nakhon Ratchasima,2013,139,85,146,155,294,617,645,389,235,116,57,16
Nakhon Ratchasima,2014,15,16,13,7,37,57,51,60,50,48,57,36
Nakhon Ratchasima,2015,22,25,28,63,146,298,543,644,777,634,555,198
Nakhon Ratchasima,2016,98,67,57,38,25,66,112,194,129,75,53,18
Nakhon Ratchasima,2017,18,14,26,28,104,193,227,224,93,49,36,14
Nakhon Ratchasima,2018,20,15,26,40,162,455,328,360,309,324,229,155
Nakhon Ratchasima,2019,127,194,230,254,528,1519,1284,776,558,789,670,207
Nakhon Ratchasima,2020,203,135,159,151,455,868,1205,795,320,59,30,11
Nakhon Sawan,2011,19,25,31,55,164,300,242,152,71,43,21,9
Nakhon Sawan,2012,12,11,18,10,35,112,118,146,139,171,167,106
Nakhon Sawan,2013,71,68,85,60,46,127,155,112,73,39,33,12
Nakhon Sawan,2014,5,14,29,13,23,53,77,59,48,28,37,24
Nakhon Sawan,2015,13,12,19,36,146,189,293,368,432,391,426,97
Nakhon Sawan,2016,79,58,52,15,6,13,33,71,52,24,18,9
Nakhon Sawan,2017,9,6,7,10,9,41,67,94,46,30,41,20
Nakhon Sawan,2018,17,16,32,59,142,361,307,294,304,267,209,162
Nakhon Sawan,2019,102,106,89,48,36,60,174,121,75,96,88,40
Nakhon Sawan,2020,42,27,29,10,7,33,156,170,177,141,103,65
Nakhon Si Thammarat,2011,69,51,38,30,45,33,22,28,23,34,20,13
Nakhon Si Thammarat,2012,28,32,26,26,27,53,43,79,92,142,188,183
Nakhon Si Thammarat,2013,259,194,143,140,263,326,185,167,103,61,70,29
Nakhon Si Thammarat,2014,63,44,56,35,91,157,319,346,330,303,246,131
Nakhon Si Thammarat,2015,102,71,60,50,50,116,190,161,148,133,178,153
Nakhon Si Thammarat,2016,194,130,84,30,23,50,117,230,268,200,208,101
Nakhon Si Thammarat,2017,158,173,133,138,201,197,187,187,154,187,199,149
Nakhon Si Thammarat,2018,125,135,123,93,201,249,319,370,315,295,315,299
Nakhon Si Thammarat,2019,210,203,159,120,141,314,539,337,327,298,270,175
Nakhon Si Thammarat,2020,134,77,43,25,44,104,117,88,42,28,15,5
Nan,2011,0,1,0,1,4,5,5,2,3,0,0,0
Nan,2012,0,1,0,0,6,34,40,31,14,12,9,3
Nan,2013,4,13,14,27,50,140,259,131,50,16,10,1
Nan,2014,1,0,0,25,86,143,72,47,22,3,0,2
Nan,2015,0,0,2,13,60,73,101,77,47,16,8,7
Nan,2016,1,4,6,3,17,45,32,28,4,15,11,15
Nan,2017,10,7,2,13,67,63,58,33,17,18,14,2
Nan,2018,6,0,7,8,66,103,97,45,10,5,2,1
Nan,2019,3,8,2,18,24,61,55,52,69,43,27,3
Nan,2020,3,0,7,31,19,40,60,30,11,11,10,1
Narathiwat,2011,23,10,8,10,16,16,13,15,11,11,14,26
Narathiwat,2012,19,26,14,7,13,11,5,16,5,18,36,27
Narathiwat,2013,32,28,35,19,18,47,96,84,60,48,45,26
Narathiwat,2014,34,19,3,6,13,15,44,75,67,66,48,25
Narathiwat,2015,13,15,15,7,7,9,36,43,29,45,55,43
Narathiwat,2016,44,25,24,12,5,24,41,60,61,111,103,72
Narathiwat,2017,81,68,47,12,22,24,19,20,27,15,18,16
Narathiwat,2018,25,14,11,7,10,13,15,51,29,80,78,22
Narathiwat,2019,21,33,19,26,19,62,118,97,55,85,57,29
Narathiwat,2020,33,14,3,2,5,12,31,32,32,17,15,4
Nong Bua Lam Phu,2011,1,1,0,1,3,13,10,3,1,0,0,0
Nong Bua Lam Phu,2012,0,2,3,4,28,29,28,15,7,6,10,9
Nong Bua Lam Phu,2013,12,20,37,48,71,97,72,56,8,1,0,0
Nong Bua Lam Phu,2014,0,5,8,3,3,4,15,13,8,1,0,1
Nong Bua Lam Phu,2015,0,2,1,0,10,30,17,6,10,7,14,5
Nong Bua Lam Phu,2016,7,3,10,8,1,11,12,24,24,7,2,0
Nong Bua Lam Phu,2017,0,0,2,1,13,11,20,13,6,3,2,1
Nong Bua Lam Phu,2018,0,2,2,5,27,54,18,11,11,6,5,4
Nong Bua Lam Phu,2019,5,4,5,7,24,57,66,39,22,17,17,5
Nong Bua Lam Phu,2020,5,3,12,26,14,27,49,4,7,1,0,0
Nong Khai,2011,2,0,0,0,2,29,18,24,7,1,5,0
Nong Khai,2012,1,1,1,1,3,19,1,7,8,3,5,9
Nong Khai,2013,5,10,3,14,60,109,273,140,40,11,0,0
Nong Khai,2014,1,3,3,2,6,63,61,25,1,1,0,0
Nong Khai,2015,0,1,6,5,7,27,32,24,23,23,14,4
Nong Khai,2016,9,16,10,5,2,8,11,17,16,2,4,0
Nong Khai,2017,0,0,2,3,11,20,22,18,9,8,5,6
Nong Khai,2018,1,0,1,3,19,33,27,10,10,8,7,8
Nong Khai,2019,12,2,23,46,41,47,115,68,73,62,34,5
Nong Khai,2020,11,8,8,20,32,99,137,78,19,4,2,4
Nonthaburi,2011,21,31,30,27,71,97,107,95,59,29,39,24
Nonthaburi,2012,16,13,19,10,11,18,27,59,75,69,75,59
Nonthaburi,2013,49,38,53,29,37,37,74,97,77,66,66,31
Nonthaburi,2014,26,14,13,5,9,7,7,8,38,20,19,23
Nonthaburi,2015,12,16,14,9,24,41,87,95,91,168,344,180
Nonthaburi,2016,101,26,22,7,11,13,24,39,26,32,33,20
Nonthaburi,2017,26,13,9,7,20,47,38,58,61,65,83,47
Nonthaburi,2018,20,18,32,62,114,213,185,154,102,93,107,83
Nonthaburi,2019,52,35,20,11,19,29,71,106,117,127,102,48
Nonthaburi,2020,22,17,4,7,10,19,25,52,79,67,64,35
P.Nakhon S.Ayutthaya,2011,7,1,3,5,22,23,16,18,14,5,9,1
P.Nakhon S.Ayutthaya,2012,3,2,1,0,5,5,10,18,23,31,29,16
P.Nakhon S.Ayutthaya,2013,27,25,24,12,8,9,25,22,20,22,16,16
P.Nakhon S.Ayutthaya,2014,9,10,8,4,6,11,10,12,18,16,25,10
P.Nakhon S.Ayutthaya,2015,13,6,9,10,30,49,61,76,129,158,162,48
P.Nakhon S.Ayutthaya,2016,37,39,20,18,7,14,21,43,45,30,14,6
P.Nakhon S.Ayutthaya,2017,8,7,7,11,15,21,44,33,25,15,11,7
P.Nakhon S.Ayutthaya,2018,7,6,15,5,30,63,99,82,68,47,60,35
P.Nakhon S.Ayutthaya,2019,33,27,18,15,7,22,32,27,41,51,37,7
P.Nakhon S.Ayutthaya,2020,24,9,4,3,4,22,57,58,47,34,10,4
Pathum Thani,2011,10,7,12,21,90,56,68,31,18,6,12,4
Pathum Thani,2012,4,13,8,8,9,11,27,53,52,41,68,49
Pathum Thani,2013,35,30,16,18,35,42,72,63,45,45,54,11
Pathum Thani,2014,15,9,13,11,4,4,14,21,12,26,22,22
Pathum Thani,2015,11,19,9,13,19,27,38,57,77,109,180,57
Pathum Thani,2016,44,14,16,3,4,7,12,40,36,12,15,8
Pathum Thani,2017,10,12,6,15,11,17,18,19,23,19,25,14
Pathum Thani,2018,16,16,18,35,85,148,128,158,74,85,91,40
Pathum Thani,2019,39,34,26,7,5,24,28,37,26,53,33,25
Pathum Thani,2020,16,5,5,5,7,12,27,34,40,31,18,12
Pattani,2011,8,2,3,3,5,4,4,1,6,3,10,4
Pattani,2012,5,3,4,2,7,8,10,14,6,17,17,26
Pattani,2013,21,25,35,23,24,28,36,45,32,41,57,35
Pattani,2014,38,14,8,7,18,48,85,73,41,34,16,8
Pattani,2015,8,7,3,1,9,18,17,11,12,13,16,32
Pattani,2016,29,10,15,19,16,20,39,111,97,219,183,131
Pattani,2017,89,52,24,10,15,21,19,8,11,11,10,5
Pattani,2018,14,19,10,7,9,11,17,18,37,38,62,61
Pattani,2019,52,37,18,11,39,71,88,75,51,56,44,21
Pattani,2020,16,19,13,5,7,19,46,27,15,15,3,2
Phangnga,2011,1,2,2,0,3,7,20,29,11,8,8,7
Phangnga,2012,5,6,0,15,33,50,73,28,5,8,12,42
Phangnga,2013,24,21,37,97,128,125,85,50,18,10,12,7
Phangnga,2014,5,5,12,11,19,17,14,2,2,1,0,2
Phangnga,2015,14,18,8,11,24,100,94,58,44,38,45,24
Phangnga,2016,37,19,14,16,15,48,45,39,20,8,6,0
Phangnga,2017,14,18,9,25,39,59,51,39,29,36,44,36
Phangnga,2018,18,22,29,13,33,21,36,35,52,24,20,19
Phangnga,2019,61,48,29,33,79,136,83,43,38,32,24,16
Phangnga,2020,19,12,16,15,59,75,50,30,30,8,7,6
Phatthalung,2011,35,29,13,11,25,17,24,26,17,29,26,38
Phatthalung,2012,22,20,16,21,43,50,34,25,30,47,141,160
Phatthalung,2013,103,40,61,52,74,143,133,84,54,52,67,47
Phatthalung,2014,36,42,29,26,16,69,39,50,40,69,59,48
Phatthalung,2015,27,14,11,10,20,39,51,34,26,26,39,50
Phatthalung,2016,28,16,13,9,5,9,53,126,142,121,137,97
Phatthalung,2017,99,80,59,42,39,43,34,17,0,0,0,0
Phatthalung,2018,17,7,12,14,24,48,27,29,33,35,70,54
Phatthalung,2019,32,29,15,14,37,94,54,98,36,0,0,0
Phatthalung,2020,0,0,0,0,0,0,0,0,0,0,0,0
Phayao,2011,1,1,1,2,12,35,18,8,4,0,0,1
Phayao,2012,0,0,0,0,6,16,27,11,3,6,14,6
Phayao,2013,13,5,4,6,43,155,222,142,59,13,2,2
Phayao,2014,0,0,0,0,5,13,15,13,8,4,4,6
Phayao,2015,0,0,0,4,27,45,44,35,26,18,32,19
Phayao,2016,4,3,1,23,30,14,16,28,28,2,0,1
Phayao,2017,0,0,0,3,13,11,13,5,8,6,0,2
Phayao,2018,0,0,0,2,12,31,15,22,5,6,6,1
Phayao,2019,1,0,4,9,10,72,120,47,20,10,15,1
Phayao,2020,1,0,9,9,6,38,63,48,5,6,1,1
Phetchabun,2011,7,16,13,22,52,139,89,56,31,15,10,3
Phetchabun,2012,3,10,9,17,47,61,45,48,29,15,17,17
Phetchabun,2013,5,25,26,50,277,504,315,24,2,7,2,0
Phetchabun,2014,1,2,2,3,1,8,14,14,4,2,4,6
Phetchabun,2015,2,8,5,2,19,39,54,71,63,30,26,2
Phetchabun,2016,6,12,13,16,77,155,182,74,21,10,3,0
Phetchabun,2017,0,3,6,9,17,39,67,39,23,9,10,7
Phetchabun,2018,5,5,10,8,28,68,56,43,17,12,4,4
Phetchabun,2019,5,7,20,29,60,174,147,122,83,35,22,6
Phetchabun,2020,3,15,20,25,47,107,218,110,32,27,3,2
Phetchaburi,2011,8,8,10,46,132,169,148,173,95,33,27,14
Phetchaburi,2012,16,15,14,24,40,108,99,57,35,31,35,20
Phetchaburi,2013,25,18,31,31,39,62,64,70,48,53,32,16
Phetchaburi,2014,16,22,35,17,16,27,30,35,45,34,74,46
Phetchaburi,2015,34,44,45,58,101,205,347,282,249,164,170,55
Phetchaburi,2016,29,15,20,14,13,14,36,61,58,33,25,15
Phetchaburi,2017,24,18,19,11,32,84,177,120,80,36,46,24
Phetchaburi,2018,13,36,25,20,42,56,53,62,65,55,54,38
Phetchaburi,2019,44,26,59,34,28,32,66,69,79,80,105,26
Phetchaburi,2020,31,20,10,13,9,15,40,33,25,21,27,14
Phichit,2011,12,18,18,49,144,202,227,176,69,22,13,8
Phichit,2012,6,18,25,10,23,26,32,83,48,46,33,15
Phichit,2013,23,21,23,28,28,59,85,61,22,13,14,6
Phichit,2014,12,13,19,9,9,34,62,44,39,14,18,6
Phichit,2015,0,8,23,26,49,44,56,68,79,73,107,54
Phichit,2016,20,36,39,9,1,2,7,29,21,19,9,15
Phichit,2017,3,3,8,14,25,56,84,68,47,30,29,24
Phichit,2018,10,14,13,33,105,223,164,91,80,47,25,16
Phichit,2019,7,22,24,8,9,17,25,31,25,24,13,7
Phichit,2020,6,10,22,28,10,7,31,61,41,27,17,8
Phitsanulok,2011,14,16,14,26,75,153,116,73,29,14,9,7
Phitsanulok,2012,5,4,20,50,51,131,121,129,90,68,76,30
Phitsanulok,2013,39,39,34,63,88,145,174,110,73,35,24,9
Phitsanulok,2014,3,6,6,1,6,5,14,18,14,16,8,5
Phitsanulok,2015,3,1,4,5,18,64,103,165,153,83,135,102
Phitsanulok,2016,60,37,34,15,7,32,77,49,46,22,20,6
Phitsanulok,2017,8,3,12,17,38,65,72,74,43,19,23,14
Phitsanulok,2018,3,6,11,36,85,175,214,170,117,64,37,12
Phitsanulok,2019,12,14,20,14,18,42,56,87,99,62,47,15
Phitsanulok,2020,14,22,23,38,51,57,121,150,122,32,30,17
Phrae,2011,2,0,1,2,4,17,16,10,8,1,1,2
Phrae,2012,3,0,1,16,46,145,133,94,29,31,8,0
Phrae,2013,7,4,28,34,92,148,139,92,52,14,16,0
Phrae,2014,2,2,2,3,17,42,77,58,21,7,7,5
Phrae,2015,0,2,5,15,79,162,263,339,184,40,42,21
Phrae,2016,11,5,9,2,4,6,13,13,8,11,8,3
Phrae,2017,1,3,2,2,5,6,9,5,5,0,0,0
Phrae,2018,0,0,1,18,106,130,54,13,6,4,4,2
Phrae,2019,1,7,7,8,20,53,108,80,35,22,11,5
Phrae,2020,3,3,1,2,3,12,67,51,12,8,1,1
Phuket,2011,4,5,3,0,7,5,5,5,3,9,2,7
Phuket,2012,7,9,15,25,26,21,12,7,5,4,14,5
Phuket,2013,8,19,75,176,230,300,198,159,110,62,53,45
Phuket,2014,52,14,7,8,9,18,52,48,27,21,10,5
Phuket,2015,7,5,8,14,12,11,48,29,33,47,64,45
Phuket,2016,28,20,20,11,13,10,18,24,14,12,20,13
Phuket,2017,11,16,11,15,39,53,28,22,17,15,26,48
Phuket,2018,28,40,40,26,38,39,53,30,23,18,49,36
Phuket,2019,31,15,16,7,14,24,24,24,18,15,32,17
Phuket,2020,17,9,3,2,9,22,18,10,3,3,2,1
Prachin Buri,2011,12,3,20,23,99,157,80,65,38,32,26,8
Prachin Buri,2012,7,15,15,33,70,80,112,113,92,59,24,12
Prachin Buri,2013,22,19,22,30,61,127,146,106,59,19,9,0
Prachin Buri,2014,7,7,18,14,23,30,62,53,47,25,11,9
Prachin Buri,2015,18,14,32,63,136,185,299,297,264,160,110,36
Prachin Buri,2016,33,27,20,7,4,21,25,43,25,19,16,11
Prachin Buri,2017,17,4,7,11,20,62,83,88,32,20,18,10
Prachin Buri,2018,9,14,15,21,41,74,76,63,36,28,24,19
Prachin Buri,2019,28,27,48,51,63,116,193,226,117,65,49,7
Prachin Buri,2020,14,14,21,12,35,62,132,102,52,20,8,1
Prachuap Khiri Khan,2011,13,15,11,33,40,78,62,53,44,21,18,16
Prachuap Khiri Khan,2012,10,11,14,14,22,24,34,30,17,27,13,12
Prachuap Khiri Khan,2013,22,9,24,19,28,29,44,26,12,12,6,9
Prachuap Khiri Khan,2014,1,5,12,8,13,12,24,19,15,6,22,32
Prachuap Khiri Khan,2015,17,18,18,40,52,107,93,103,111,86,113,61
Prachuap Khiri Khan,2016,12,18,17,6,3,2,23,34,19,13,22,13
Prachuap Khiri Khan,2017,12,11,6,8,14,30,27,39,11,12,13,16
Prachuap Khiri Khan,2018,13,19,16,17,24,22,29,30,13,13,15,19
Prachuap Khiri Khan,2019,16,21,21,21,27,48,40,16,15,12,22,16
Prachuap Khiri Khan,2020,3,2,12,4,2,7,16,12,8,11,9,10
Ranong,2011,3,3,4,3,6,3,3,6,3,1,7,5
Ranong,2012,5,9,36,15,15,12,20,6,5,2,6,7
Ranong,2013,11,7,10,22,30,38,29,29,10,7,11,4
Ranong,2014,4,2,9,7,26,33,11,8,7,6,6,6
Ranong,2015,17,11,9,11,13,47,41,26,15,12,21,15
Ranong,2016,13,12,4,5,7,9,16,16,5,9,8,6
Ranong,2017,9,10,17,20,25,25,12,11,11,7,13,6
Ranong,2018,7,9,20,19,28,37,10,13,9,4,7,8
Ranong,2019,17,12,13,9,33,32,34,8,3,4,2,6
Ranong,2020,4,5,6,11,24,17,12,15,10,8,7,5
Ratchaburi,2011,40,41,38,30,53,99,92,168,144,96,113,51
Ratchaburi,2012,56,49,56,59,51,110,157,123,132,111,116,53
Ratchaburi,2013,65,65,44,34,31,35,117,131,111,98,80,37
Ratchaburi,2014,19,31,31,20,14,31,94,125,103,57,103,66
Ratchaburi,2015,53,60,147,138,198,308,520,593,514,232,195,34
Ratchaburi,2016,50,41,23,13,2,10,29,35,39,14,5,3
Ratchaburi,2017,10,3,6,5,7,22,47,66,65,49,55,55
Ratchaburi,2018,51,49,62,42,53,144,160,133,113,134,126,119
Ratchaburi,2019,144,90,111,44,41,86,137,166,173,173,145,83
Ratchaburi,2020,88,50,24,30,44,63,96,73,67,50,16,0
Rayong,2011,24,15,23,35,76,94,100,88,79,68,63,39
Rayong,2012,36,26,36,37,82,150,196,191,120,67,103,105
Rayong,2013,85,77,54,59,81,127,142,95,84,63,59,30
Rayong,2014,18,28,33,16,31,32,31,32,40,65,69,62
Rayong,2015,72,31,76,114,201,317,342,270,220,193,212,97
Rayong,2016,59,45,41,33,23,32,78,68,31,40,23,7
Rayong,2017,11,11,8,27,39,39,55,47,22,13,32,43
Rayong,2018,24,9,37,45,114,136,119,150,70,95,105,74
Rayong,2019,67,45,50,68,85,242,377,251,164,151,198,101
Rayong,2020,75,67,56,76,177,270,369,369,144,84,70,51
Roi Et,2011,3,7,9,10,52,156,174,149,61,23,14,5
Roi Et,2012,7,4,4,9,40,88,102,94,124,107,95,72
Roi Et,2013,44,49,65,100,238,473,529,416,172,62,13,3
Roi Et,2014,2,7,9,6,13,34,60,84,48,18,12,9
Roi Et,2015,10,4,13,32,99,146,172,207,201,121,133,80
Roi Et,2016,76,64,75,31,15,61,111,137,106,78,32,12
Roi Et,2017,9,7,8,15,26,115,89,74,29,11,4,3
Roi Et,2018,3,4,5,12,111,236,169,160,81,24,30,33
Roi Et,2019,32,51,51,55,164,482,507,325,234,151,85,31
Roi Et,2020,33,22,35,75,128,140,206,164,95,30,10,4
Sa Kaeo,2011,3,3,11,13,56,66,101,58,38,14,5,3
Sa Kaeo,2012,5,10,15,10,29,67,60,61,77,35,32,16
Sa Kaeo,2013,15,6,19,27,39,52,72,67,35,24,9,6
Sa Kaeo,2014,1,1,5,8,12,22,39,24,13,12,9,1
Sa Kaeo,2015,8,8,7,11,23,78,125,204,186,97,75,38
Sa Kaeo,2016,31,23,12,12,5,5,11,8,20,16,4,5
Sa Kaeo,2017,1,4,5,9,32,90,66,86,23,10,6,0
Sa Kaeo,2018,4,2,6,9,18,69,51,58,36,16,9,8
Sa Kaeo,2019,16,30,38,57,110,184,201,189,111,69,39,18
Sa Kaeo,2020,34,14,8,19,45,56,76,62,37,19,3,3
Sakon Nakhon,2011,0,0,0,1,2,22,10,15,4,2,0,1
Sakon Nakhon,2012,0,1,0,3,6,6,7,5,4,3,26,9
Sakon Nakhon,2013,19,19,67,66,65,196,87,17,4,3,0,0
Sakon Nakhon,2014,0,0,0,2,3,9,8,14,12,8,4,2
Sakon Nakhon,2015,1,0,0,7,76,155,144,99,35,14,12,4
Sakon Nakhon,2016,1,1,8,10,14,29,39,16,11,4,0,1
Sakon Nakhon,2017,3,1,6,10,35,26,21,27,3,2,1,0
Sakon Nakhon,2018,0,2,2,7,15,49,33,31,8,4,2,4
Sakon Nakhon,2019,7,6,15,30,37,136,100,38,22,5,3,1
Sakon Nakhon,2020,5,1,5,7,23,51,44,6,7,1,2,2
Samut Prakan,2011,50,61,57,65,71,114,103,80,44,34,27,16
Samut Prakan,2012,18,20,11,19,20,36,31,42,37,41,88,73
Samut Prakan,2013,88,62,61,64,70,48,41,107,86,72,65,36
Samut Prakan,2014,28,40,39,19,12,20,25,25,25,52,47,58
Samut Prakan,2015,60,59,57,48,83,77,116,141,143,176,297,195
Samut Prakan,2016,141,71,53,21,15,9,19,40,27,39,27,38
Samut Prakan,2017,25,20,23,15,14,33,77,64,41,42,45,28
Samut Prakan,2018,32,30,44,44,89,103,101,102,67,50,92,87
Samut Prakan,2019,67,45,47,11,17,26,73,61,76,104,141,83
Samut Prakan,2020,55,43,26,13,16,17,45,89,72,52,35,32
Samut Sakhon,2011,30,20,15,16,44,36,62,58,64,92,78,44
Samut Sakhon,2012,30,17,32,31,35,44,60,61,70,87,112,80
Samut Sakhon,2013,75,48,36,19,20,26,51,60,42,40,66,26
Samut Sakhon,2014,18,12,10,8,10,16,21,37,35,36,47,27
Samut Sakhon,2015,31,22,47,37,33,34,46,38,75,127,225,132
Samut Sakhon,2016,98,38,23,8,9,5,15,14,36,24,22,2
Samut Sakhon,2017,8,8,12,5,20,41,51,74,76,54,70,82
Samut Sakhon,2018,49,42,67,57,64,64,86,101,118,108,121,156
Samut Sakhon,2019,127,102,101,42,26,36,80,100,60,83,122,38
Samut Sakhon,2020,36,40,25,16,25,15,30,28,64,51,6,0
Samut Songkhram,2011,4,7,19,30,44,42,60,44,27,27,33,6
Samut Songkhram,2012,6,11,8,4,8,18,18,29,12,28,11,19
Samut Songkhram,2013,20,16,22,17,8,10,15,26,20,23,17,6
Samut Songkhram,2014,1,1,3,8,16,5,11,11,14,23,21,12
Samut Songkhram,2015,15,26,41,31,33,19,47,80,91,65,55,37
Samut Songkhram,2016,13,4,5,4,3,2,0,3,2,1,2,3
Samut Songkhram,2017,2,0,2,5,0,3,8,17,28,17,20,16
Samut Songkhram,2018,9,12,4,6,12,19,23,33,28,9,8,8
Samut Songkhram,2019,5,4,3,0,3,2,11,29,40,39,38,22
Samut Songkhram,2020,5,6,13,6,6,0,3,5,7,4,5,3
Saraburi,2011,10,13,16,25,35,43,51,20,17,14,14,6
Saraburi,2012,6,10,4,10,8,19,42,42,37,35,39,10
Saraburi,2013,18,9,35,15,33,38,78,129,54,48,43,6
Saraburi,2014,10,10,22,14,18,21,57,43,35,21,7,9
Saraburi,2015,18,6,10,36,66,44,72,100,96,67,59,43
Saraburi,2016,22,24,16,6,5,6,7,28,20,9,11,2
Saraburi,2017,10,5,2,4,8,21,42,46,11,3,4,0
Saraburi,2018,0,5,6,7,28,51,55,48,47,33,26,12
Saraburi,2019,13,21,36,16,12,22,71,107,87,59,56,19
Saraburi,2020,13,6,3,12,25,29,65,49,46,27,11,5
Satun,2011,12,4,3,17,27,29,17,13,2,10,13,13
Satun,2012,18,11,14,12,32,21,23,19,14,24,33,15
Satun,2013,27,8,14,15,37,39,47,20,10,14,7,7
Satun,2014,10,8,10,13,8,17,18,10,4,7,5,6
Satun,2015,5,3,3,3,0,14,18,5,3,13,15,7
Satun,2016,10,20,7,6,3,20,39,34,14,14,9,2
Satun,2017,2,3,5,2,5,3,1,2,4,5,5,3
Satun,2018,2,6,8,1,4,16,8,6,2,7,2,2
Satun,2019,6,6,3,3,12,7,28,11,3,2,3,0
Satun,2020,0,1,2,3,2,5,9,3,1,0,0,1
Si Sa Ket,2011,8,12,20,43,203,273,290,253,123,50,21,17
Si Sa Ket,2012,7,10,28,35,72,149,172,138,144,130,86,64
Si Sa Ket,2013,72,85,132,188,429,802,742,409,210,86,39,11
Si Sa Ket,2014,4,12,25,12,29,72,75,59,54,33,18,11
Si Sa Ket,2015,9,5,17,34,121,247,319,488,412,284,251,281
Si Sa Ket,2016,112,69,92,47,20,60,93,157,160,105,31,13
Si Sa Ket,2017,15,9,14,5,20,106,105,101,62,43,30,15
Si Sa Ket,2018,11,8,21,20,90,283,341,242,240,106,101,70
Si Sa Ket,2019,59,39,69,51,155,451,407,265,225,154,77,22
Si Sa Ket,2020,25,16,36,20,62,119,176,131,128,41,25,11
Sing Buri,2011,1,0,0,0,0,2,4,1,0,0,0,0
Sing Buri,2012,0,0,0,0,2,2,1,0,0,0,0,1
Sing Buri,2013,1,0,0,0,0,6,3,5,0,1,2,0
Sing Buri,2014,0,0,4,0,0,3,0,0,0,0,0,0
Sing Buri,2015,0,0,0,6,11,3,1,0,0,0,0,0
Sing Buri,2016,0,0,0,0,0,0,0,0,1,0,0,0
Sing Buri,2017,0,1,0,0,1,2,2,1,0,0,0,0
Sing Buri,2018,0,0,1,1,0,3,8,3,4,10,4,9
Sing Buri,2019,4,12,23,3,4,42,21,19,7,12,0,0
Sing Buri,2020,9,12,8,9,11,23,75,101,7,1,1,0
Songkhla,2011,89,55,39,22,31,28,29,26,33,44,31,35
Songkhla,2012,46,47,23,41,92,93,99,80,74,144,279,206
Songkhla,2013,264,172,215,198,295,406,270,148,40,18,10,0
Songkhla,2014,0,0,4,22,23,39,87,36,54,60,25,31
Songkhla,2015,26,21,8,11,22,48,67,77,103,140,135,116
Songkhla,2016,83,53,41,23,15,33,69,182,328,311,286,332
Songkhla,2017,317,175,104,63,77,97,57,48,38,39,45,52
Songkhla,2018,40,28,38,25,55,91,116,141,106,156,218,185
Songkhla,2019,114,76,50,48,109,209,222,215,188,181,180,99
Songkhla,2020,70,54,24,17,38,116,108,81,36,45,24,15
Sukhothai,2011,6,6,7,25,50,73,54,30,17,10,7,4
Sukhothai,2012,6,5,5,9,11,22,41,44,33,28,19,7
Sukhothai,2013,13,13,25,59,66,57,74,34,27,13,7,6
Sukhothai,2014,6,9,10,3,15,22,35,17,32,20,7,4
Sukhothai,2015,2,8,20,23,40,43,30,39,33,31,55,25
Sukhothai,2016,30,17,31,7,2,1,14,46,50,22,6,5
Sukhothai,2017,1,4,0,2,2,18,26,43,24,12,13,3
Sukhothai,2018,4,2,7,11,33,95,93,83,57,40,23,29
Sukhothai,2019,28,27,42,34,15,30,69,71,63,37,15,4
Sukhothai,2020,6,8,9,4,30,41,126,154,102,33,20,22
Suphan Buri,2011,12,19,22,25,51,40,80,60,38,12,10,11
Suphan Buri,2012,10,10,17,18,5,4,27,19,4,54,43,42
Suphan Buri,2013,29,38,37,18,5,15,19,25,34,30,32,5
Suphan Buri,2014,3,5,13,3,13,20,20,21,8,15,8,11
Suphan Buri,2015,4,5,18,9,41,37,58,50,82,73,106,37
Suphan Buri,2016,18,10,20,8,5,3,17,25,31,9,12,8
Suphan Buri,2017,11,12,11,7,25,31,61,42,33,29,27,26
Suphan Buri,2018,27,9,16,22,35,71,76,67,83,100,74,53
Suphan Buri,2019,39,22,13,3,5,24,26,35,20,46,48,27
Suphan Buri,2020,22,17,19,21,11,12,19,51,82,59,50,25
Surat Thani,2011,41,27,24,14,30,23,14,28,17,23,23,15
Surat Thani,2012,23,29,36,37,56,107,134,145,97,111,153,107
Surat Thani,2013,183,118,131,134,146,196,133,123,90,50,27,35
Surat Thani,2014,26,13,22,15,25,73,115,86,71,81,41,40
Surat Thani,2015,29,19,22,14,16,42,51,67,60,41,71,39
Surat Thani,2016,39,27,24,12,7,14,30,54,88,58,53,50
Surat Thani,2017,71,72,76,79,74,117,63,81,75,64,70,70
Surat Thani,2018,57,66,55,66,160,212,119,89,58,56,53,74
Surat Thani,2019,41,36,37,19,16,41,57,62,65,39,28,45
Surat Thani,2020,45,20,8,19,26,59,78,42,24,16,12,0
Surin,2011,21,11,39,30,141,290,338,262,128,47,23,9
Surin,2012,5,18,22,40,85,192,297,242,285,255,86,21
Surin,2013,127,138,175,178,241,479,591,480,263,89,26,0
Surin,2014,4,10,21,13,54,31,65,99,57,45,27,8
Surin,2015,5,2,11,21,88,142,223,512,430,240,229,107
Surin,2016,163,109,99,73,38,133,248,356,212,152,67,14
Surin,2017,22,11,30,39,101,241,216,139,64,30,10,5
Surin,2018,10,5,19,23,145,277,380,273,257,117,49,49
Surin,2019,63,74,67,69,141,495,533,430,394,232,107,51
Surin,2020,54,31,24,46,74,176,397,468,355,122,46,14
Tak,2011,19,14,21,12,48,78,52,37,26,17,15,6
Tak,2012,10,9,6,3,18,39,109,67,47,52,61,35
Tak,2013,22,34,43,60,106,225,207,103,73,29,29,7
Tak,2014,5,7,17,11,21,54,54,73,53,30,44,23
Tak,2015,12,8,16,29,114,246,296,205,157,124,136,66
Tak,2016,26,18,20,19,19,31,58,63,43,49,39,17
Tak,2017,4,2,7,5,50,175,213,192,104,72,44,31
Tak,2018,14,11,16,20,73,139,192,100,75,48,48,35
Tak,2019,11,24,21,47,65,113,268,177,78,68,48,16
Tak,2020,17,13,7,12,42,48,135,91,70,36,27,17
Trang,2011,2,0,1,2,7,7,6,5,9,5,9,15
Trang,2012,9,5,6,13,28,11,25,18,4,13,9,19
Trang,2013,30,13,10,22,48,71,37,52,21,19,19,11
Trang,2014,8,2,2,4,11,14,12,1,2,9,0,1
Trang,2015,1,3,0,2,2,7,18,8,5,5,0,6
Trang,2016,4,6,6,3,1,10,32,18,16,7,11,7
Trang,2017,2,2,2,5,9,17,13,13,11,12,7,9
Trang,2018,12,5,3,10,14,17,43,29,22,21,21,10
Trang,2019,14,19,9,8,33,47,52,49,33,11,7,8
Trang,2020,9,6,1,9,7,19,23,21,12,6,5,2
Trat,2011,9,6,10,26,72,60,45,22,29,12,9,14
Trat,2012,15,4,14,26,34,38,31,30,35,22,7,8
Trat,2013,15,15,48,58,56,131,91,43,24,9,9,5
Trat,2014,2,6,2,6,22,35,11,16,9,5,6,5
Trat,2015,19,13,26,53,77,146,138,60,43,31,36,33
Trat,2016,17,19,9,14,15,18,17,20,7,4,11,3
Trat,2017,5,2,2,2,6,13,8,10,6,7,4,4
Trat,2018,6,9,16,15,31,56,71,34,53,38,36,21
Trat,2019,27,19,23,49,113,120,39,49,21,16,14,5
Trat,2020,15,11,3,3,9,23,32,37,18,5,4,2
Ubon Ratchathani,2011,7,8,9,16,73,149,98,106,68,23,6,2
Ubon Ratchathani,2012,1,1,8,10,34,44,48,35,52,46,51,34
Ubon Ratchathani,2013,25,35,80,69,246,422,440,298,114,48,13,7
Ubon Ratchathani,2014,5,2,7,6,35,61,54,62,35,23,18,8
Ubon Ratchathani,2015,6,7,27,54,134,340,548,699,463,307,238,99
Ubon Ratchathani,2016,136,102,131,81,60,132,203,221,120,82,38,10
Ubon Ratchathani,2017,7,15,18,12,55,106,138,81,55,29,7,5
Ubon Ratchathani,2018,6,16,29,51,282,406,333,161,75,38,36,44
Ubon Ratchathani,2019,85,100,208,223,817,1709,1215,870,477,209,112,48
Ubon Ratchathani,2020,66,118,75,137,232,403,457,300,161,65,21,23
Udon Thani,2011,0,0,0,0,3,6,8,12,8,0,2,0
Udon Thani,2012,1,0,2,2,6,11,25,23,17,16,27,7
Udon Thani,2013,14,4,8,7,28,96,181,121,32,7,5,1
Udon Thani,2014,1,6,0,2,2,3,5,4,4,0,0,0
Udon Thani,2015,2,0,2,1,5,11,6,18,21,11,25,4
Udon Thani,2016,3,5,5,2,3,6,10,13,7,8,4,1
Udon Thani,2017,2,0,2,4,14,27,36,22,13,2,4,1
Udon Thani,2018,0,1,0,3,30,84,31,22,16,11,13,9
Udon Thani,2019,34,42,80,67,76,261,339,161,54,32,13,8
Udon Thani,2020,15,8,11,23,19,28,271,172,86,14,9,1
Uthai Thani,2011,0,4,1,18,8,12,16,9,9,8,11,5
Uthai Thani,2012,4,9,10,9,21,52,33,25,28,16,19,12
Uthai Thani,2013,15,11,24,16,14,30,41,36,19,8,14,0
Uthai Thani,2014,3,5,4,2,5,5,25,9,13,17,34,15
Uthai Thani,2015,9,5,4,27,76,101,172,230,235,165,138,46
Uthai Thani,2016,26,14,20,8,3,5,10,7,14,11,7,4
Uthai Thani,2017,1,0,0,0,2,9,14,13,12,13,6,11
Uthai Thani,2018,4,4,4,13,46,101,86,29,15,31,30,17
Uthai Thani,2019,11,23,16,14,12,41,84,46,47,45,20,16
Uthai Thani,2020,14,7,10,0,1,17,42,39,34,12,7,5
Uttaradit,2011,2,2,1,3,23,61,26,31,20,8,13,3
Uttaradit,2012,4,4,2,7,8,49,49,66,36,18,15,20
Uttaradit,2013,14,13,23,24,27,77,90,51,25,12,10,3
Uttaradit,2014,0,0,5,5,10,7,14,28,13,3,3,3
Uttaradit,2015,2,0,0,3,5,14,33,59,73,30,30,14
Uttaradit,2016,13,6,22,11,12,12,37,46,36,7,6,1
Uttaradit,2017,2,7,4,2,27,30,47,52,22,11,3,3
Uttaradit,2018,0,3,3,9,35,38,53,42,20,14,9,5
Uttaradit,2019,10,7,10,46,25,74,171,67,54,36,22,17
Uttaradit,2020,6,9,13,22,47,54,124,136,69,34,24,15
Yala,2011,7,6,8,9,14,6,8,8,2,7,8,5
Yala,2012,5,4,7,12,15,9,14,18,22,39,41,36
Yala,2013,36,22,29,43,52,49,27,30,16,13,12,19
Yala,2014,8,10,11,12,24,52,54,40,37,33,27,17
Yala,2015,3,3,7,4,5,9,13,7,10,6,15,15
Yala,2016,18,9,6,5,11,11,24,56,77,100,75,103
Yala,2017,43,13,13,9,8,13,4,4,7,15,14,17
Yala,2018,20,10,7,6,9,12,32,43,35,54,52,52
Yala,2019,63,38,30,28,68,175,189,100,88,59,47,29
Yala,2020,28,18,10,5,18,40,49,45,28,15,12,9
Yasothon,2011,0,0,0,1,11,21,15,32,11,5,1,0
Yasothon,2012,0,0,2,4,4,25,32,15,22,21,11,20
Yasothon,2013,13,14,11,22,65,107,84,86,44,16,5,1
Yasothon,2014,0,0,3,4,3,18,40,27,19,6,10,4
Yasothon,2015,2,3,1,6,18,57,107,226,147,55,31,13
Yasothon,2016,12,18,16,16,9,22,47,51,41,9,4,0
Yasothon,2017,0,5,3,26,21,27,25,17,9,6,0,2
Yasothon,2018,1,0,3,5,22,55,62,50,19,6,4,5
Yasothon,2019,13,18,33,21,34,127,86,63,54,44,20,11
Yasothon,2020,12,7,13,5,10,36,44,46,39,11,1,2
